Time,G Force Long Filtered,G Force Lat Filtered,G Force Vert Filtered,Corr Speed,Steering Wheel Angle,Susp Pos FL,Susp Pos FR,Susp Pos RL,Susp Pos RR
s,G,G,G,km/h,deg,mm,mm,mm,mm
,,,,,,,,,
,,,,,,,,,
0,-0.236,-0.113,0.945,203.7,-4,71.02,72.27,67.17,70.94
0.2,-0.283,-0.046,0.936,205.9,-4,73.15,73.4,70.68,74.35
0.4,-0.259,-0.034,0.957,207.5,-3,69.56,70.8,66.45,69.7
0.6,-0.263,-0.05,0.948,209.2,-3,69.63,70.69,69.78,74.7
0.8,-0.257,-0.058,0.929,211,-4,73.95,74.06,69.05,72.35
1,-0.253,-0.043,0.94,212.7,-3,71.86,72.08,67.64,71.53
1.2,-0.249,-0.092,0.956,213.3,-5,72.74,73.33,69.87,75.29
1.4,-0.241,-0.131,0.961,215.8,-5,70.14,71.39,67.82,74.35
1.6,-0.242,-0.12,0.945,217.6,-4,73.4,74.17,70.81,76.15
1.8,-0.236,-0.101,0.945,218.8,-4,72.23,72.93,70,74.65
2,-0.227,-0.075,0.938,220.7,-3,71.75,72.82,69.35,72.69
2.2,-0.211,-0.093,0.929,222,-4,73.66,74.28,70.85,75.76
2.4,-0.197,-0.092,0.918,223.3,-4,71.53,72.49,67.13,71.41
2.6,-0.198,-0.066,0.922,224,-3,74.79,75.31,71.36,76.53
2.8,-0.188,-0.045,0.933,225.3,-3,73.51,74.17,71.62,75.08
3,-0.184,0.019,0.942,227.3,-3,72.67,72.3,70.64,74.4
3.2,-0.184,-0.025,0.936,227.3,-3,75.93,76.04,72.9,76.06
3.4,-0.179,-0.058,0.936,229.4,-3,74.17,75.56,71.62,74.05
3.6,-0.174,-0.054,0.936,230.1,-3,72.85,73.22,70.04,74.27
3.8,-0.174,-0.024,0.929,231.4,-3,75.2,75.56,71.32,73.71
4,-0.166,-0.029,0.928,233.6,-3,71.68,72.38,68.2,72.77
4.2,-0.159,-0.02,0.92,233.6,-3,76.52,76.41,72.94,76.45
4.4,-0.121,0.011,0.934,235,-3,74.5,74.21,72.69,75.17
4.6,-0.155,0.003,0.938,236.5,-5,74.46,73.69,71.02,74.01
4.8,-0.149,-0.092,0.931,237.2,-5,72.63,73.73,71.23,75.29
5,-0.15,-0.084,0.916,237.2,-3,76.04,77.17,72.86,77.47
5.2,-0.154,-0.011,0.927,239.4,-1,73.18,74.76,75.47,76.96
5.4,-0.148,0.032,0.943,240.9,-2,75.75,75.16,76.06,78.67
5.6,-0.143,0.029,0.939,241.7,3,71.86,70.95,69.78,71.66
5.8,-0.138,0.379,0.935,241.7,9,77.36,71.17,79.01,72.64
6,-0.115,0.613,0.914,244,14,76.66,68.71,76.11,68.88
6.2,-0.119,0.857,0.918,244,16,79.56,69.15,79.91,68.5
6.4,-0.104,0.798,0.909,244.8,9,76.52,68.24,78.46,67.47
6.6,0.059,0.528,0.905,243.2,7,82.27,74.65,78.46,74.31
6.8,1.559,0.386,0.933,231.4,-5,80.1,71.86,66.11,61.19
7,1.82,0.316,0.891,217.6,-7,78.97,72.3,68.76,61.41
7.2,1.921,0.164,0.872,204.2,-8,79.23,78.31,69.4,74.91
7.4,1.788,-0.147,0.882,191.9,1,72.78,74.46,63.76,68.67
7.6,1.74,-0.182,0.888,178.9,5,74.57,74.28,61.79,65.38
7.8,1.636,0.091,0.894,168.6,-3,79.04,74.35,68.16,68.63
8,1.307,0.131,0.915,158.4,-3,73.26,70.95,60.25,62.13
8.2,1.476,0.126,0.907,148,0,74.21,72.01,62.52,61.19
8.4,1.312,0.112,0.899,140.1,2,74.13,71.75,67.3,67.64
8.6,1.607,0.14,0.928,127.5,17,71.17,67.94,59.87,58.88
8.8,1.448,0.488,0.919,120.8,14,77.87,69.96,63.84,59.48
9,1.067,0.651,0.938,106.8,10,66.59,65.23,51.41,52.86
9.2,1.286,0.491,0.919,105,30,76.48,68.38,65.94,56.96
9.4,1.038,0.624,0.929,97.6,36,73.33,63.91,62.3,54.23
9.6,0.688,0.857,0.919,93.7,44,77.47,64.02,64.01,50.55
9.8,0.756,0.934,0.923,88.8,74,77.72,63.84,67.47,53.11
10,0.801,1.072,0.923,83.6,72,76.84,60.62,68.16,49.27
10.2,0.725,1.189,0.911,79.3,64,80.25,63.07,66.11,45.42
10.4,0.523,1.21,0.906,74.6,-64,77.58,62.01,60.47,44.78
10.6,0.331,1.146,0.894,70.5,20,75.2,58.42,62.56,43.71
10.8,0.416,1.247,0.873,67.7,134,70.62,52.23,56.92,46.79
11,0.36,1,0.838,69,184,80.1,56.08,50.47,49.78
11.2,0.257,1.289,0.851,68,188,79.37,63.84,48.58,44.48
11.4,0.091,1.716,0.909,67.3,182,80.29,63.47,77.52,46.7
11.6,0.333,1.322,1.003,65.9,178,81.94,65.53,64.44,42.47
11.8,-0.281,1.529,1.045,66.5,172,73.88,55.34,72.64,45.55
12,-0.438,1.208,1.05,69.9,163,70.21,57.5,71.83,50.51
12.2,-0.396,1.301,1.027,72.8,140,71.68,55.86,68.16,48.16
12.4,-0.425,1.243,0.982,75.4,74,72.74,58.93,66.79,47.64
12.6,-0.516,1.437,0.955,78.1,73,72.78,56.08,74.27,51.36
12.8,-0.612,1.15,0.943,83,94,72.3,58.42,72.69,52.35
13,-0.664,1.249,0.949,87.1,49,72.23,58.38,71.88,53.88
13.2,-0.653,1.066,0.954,91,3,72.27,59.26,70,55.81
13.4,-0.671,1.265,0.962,95.2,28,71.68,55.6,74.82,55.47
13.6,-0.715,1.125,0.965,99.9,55,74.28,57.87,77.35,56.88
13.8,-0.664,1.066,0.978,104.2,45,69.01,61.31,69.91,57.39
14,-0.638,1.098,0.99,109.4,67,75.93,61.02,78.54,60.38
14.2,-0.613,1.057,1.011,113.6,54,73,61.28,70,54.4
14.4,-0.657,1.11,1.024,116.6,32,69.19,59.67,72.9,61.92
14.6,-0.662,0.504,1.023,121.2,-8,71.68,66.04,73.5,68.11
14.8,-0.642,-0.475,1.046,125.8,-60,62.19,75.82,58.93,80.25
15,-0.602,-1.193,1.066,129,-65,57.87,71.39,55.68,79.23
15.2,-0.568,-1.11,1.042,131.9,-58,56.48,71.64,52.35,74.23
15.4,-0.559,-1.189,0.995,135.2,-57,58.02,70.87,52.6,76.7
15.6,-0.496,-1.047,0.94,137.6,-76,55.49,71.79,51.96,76.66
15.8,-0.19,-1.111,0.887,138.8,-70,58.9,72.71,42.52,64.05
16,0.562,-1.277,0.85,133.5,-21,65.67,79.7,47.6,68.76
16.2,0.924,-1.256,0.86,126,-48,66.37,81.68,49.23,75.04
16.4,0.967,-1.222,0.904,118,-39,64.32,77.03,43.5,67.3
16.6,0.684,-1.264,0.916,113.6,-36,65.09,81.97,40.12,67.6
16.8,0.551,-1.414,0.937,108.6,-14,63.04,77.65,40.17,63.33
17,0.447,-1.477,0.938,104.5,-66,61.24,79.48,36.58,66.28
17.2,0.296,-1.607,0.937,101,-111,60.65,78.9,38.11,68.88
17.4,0.208,-1.521,0.938,99.3,-120,60.87,79.67,36.45,67.6
17.6,-0.01,-1.509,0.936,99.3,-122,59.74,76.22,39.18,69.74
17.8,0.269,-1.414,0.938,97.3,-124,62.05,79.7,35.64,65.59
18,0.068,-1.585,0.931,96.8,-115,58.35,78.49,38.97,71.83
18.2,-0.394,-1.471,0.93,98.1,-82,56.73,73.91,41.32,72
18.4,-0.499,-1.369,0.929,100.5,-13,58.27,74.32,49.44,73.76
18.6,-0.579,-0.859,0.932,104.6,-88,59.48,67.06,47.69,65.81
18.8,-0.655,-1.197,0.923,109.1,-84,55.56,71.94,48.8,78.71
19,-0.567,-1.25,0.921,112.3,-76,56.11,73.66,47.22,75.64
19.2,-0.587,-1.338,0.924,115.9,-27,55.78,73.22,48.88,75.17
19.4,-0.514,-1.327,0.928,118.6,8,57.32,75.01,48.58,74.57
19.6,-0.547,-1.321,0.929,122,-40,56.33,74.72,49.01,77.43
19.8,-0.638,-1.153,0.927,126.2,-39,57.06,71.72,50.51,73.58
20,-0.604,-1.225,0.927,129.4,-60,56.84,71.9,51.83,76.11
20.2,-0.559,-1.123,0.925,134.2,-74,54.5,72.05,50.29,78.71
20.4,-0.502,-1.245,0.913,136.6,-48,58.82,75.27,50.81,75.72
20.6,-0.504,-1.182,0.915,139.6,-60,51.64,65.42,50.08,74.57
20.8,-0.528,-1.099,0.884,143.8,-59,59.59,75.67,51.15,77.52
21,-0.473,-1.103,0.88,146,-59,56.99,69.04,48.54,70.64
21.2,-0.451,-0.97,0.862,151.2,-50,59.81,68.42,52.22,73.54
21.4,-0.5,-1.228,0.867,153.4,-45,59.19,71.83,54.52,76.11
21.6,-0.48,-0.655,0.857,157.8,-51,63.29,70.07,55.64,68.93
21.8,-0.419,-1.045,0.882,160.4,-47,58.64,73.22,56.88,75.17
22,-0.421,-0.825,0.904,165.3,-52,63.62,76.44,57.05,73.97
22.2,-0.411,-1.211,0.956,166.4,-64,61.42,77.87,54.78,81.06
22.4,-0.361,-1.524,0.989,167.8,-60,63.15,84.76,55.64,88.16
22.6,1.003,-1.365,1.049,158.8,-32,70.18,83.4,53.37,73.8
22.8,1.464,-1.28,1.073,149.5,-15,69.96,84.54,55.12,82.94
23,1.368,-1.043,1.093,137.1,-25,68.38,79.3,57.43,73.11
23.2,1.424,-1.19,1.087,129.4,-29,68.6,84.28,51.66,74.61
23.4,1.126,-1.231,1.08,118.6,-39,66.48,80.03,49.91,72.6
23.6,1.322,-1.292,1.075,109.6,-48,65.49,80.69,52.69,78.88
23.8,1.214,-1.059,1.071,100.9,-48,62.05,77.36,51.83,75.29
24,0.806,-1.042,1.049,95.7,-76,65.42,77.39,46.19,69.1
24.2,0.901,-1.239,1.031,89,-83,62.78,77.94,42.43,66.15
24.4,0.67,-1.388,1.003,84.5,-106,62.52,82.56,40.29,68.76
24.6,0.428,-1.582,0.992,81,-129,61.42,80.4,37.39,67.39
24.8,0.238,-1.665,0.982,79,-145,60.69,80.8,37.26,70.17
25,0.223,-1.627,0.985,77.6,-161,61.02,80.62,36.28,67.56
25.2,0.075,-1.614,0.989,76.3,-173,60.43,78.93,37.94,69.57
25.4,0.11,-1.601,0.994,75.4,-176,60.51,78.49,37.82,68.84
25.6,0.106,-1.583,0.997,74.4,-178,60.69,78.86,35.34,67.9
25.8,-0.159,-1.627,0.998,74.6,-179,58.35,75.49,38.97,71.06
26,-0.279,-1.448,0.998,76.4,-179,58.53,75.38,41.49,73.16
26.2,-0.337,-1.45,1.001,78.5,-179,58.71,75.16,41.41,73.46
26.4,-0.466,-1.533,1.005,81.3,-176,57.83,74.98,42.35,75.47
26.6,-0.422,-1.591,1.011,83.4,-154,57.06,74.21,42.56,76.06
26.8,-0.433,-1.504,1.01,86.1,-131,57.8,75.78,41.53,74.65
27,-0.495,-1.581,1.011,89.1,-113,56.52,75.09,44.61,77.09
27.2,-0.573,-1.398,1.007,92.2,-80,58.02,74.61,44.87,74.91
27.4,-0.681,-1.139,1.008,95.2,-17,59.67,67.43,53.54,74.87
27.6,-0.652,0.136,0.995,99.8,58,62.71,59.63,62.3,58.71
27.8,-0.544,1.057,0.953,104.7,106,71.31,55.86,71.45,52.9
28,-0.366,1.413,0.918,106.4,116,71.06,55.49,67.82,48.63
28.2,-0.356,1.407,0.88,108.6,118,71.53,55.56,67.82,47.52
28.4,0.032,1.377,0.851,108.5,122,73.58,57.14,63.84,43.8
28.6,0.367,1.359,0.824,107.2,118,78.71,62.96,61.15,38.93
28.8,0.006,1.686,0.822,105.6,116,76.41,55.82,67.39,44.52
29,0.279,1.606,0.843,104,117,85.16,62.38,68.29,42.3
29.2,-0.231,1.694,0.896,104.7,119,74.87,59.81,73.24,49.82
29.4,-0.258,1.461,0.951,108.3,115,79.37,67.21,81.41,44.52
29.6,-0.29,1.517,1.006,108.2,93,65.23,50.51,65.81,41.41
29.8,-0.373,1.285,0.936,110.7,35,79.56,63.15,71.06,53.71
30,-0.6,0.867,0.932,113.6,87,57.47,55.86,55.08,52.09
30.2,-0.592,1.324,0.902,118.6,81,73.95,54.13,79.31,55.29
30.4,-0.529,1.266,0.899,121.8,73,66.92,54.54,66.66,49.74
30.6,-0.579,1.455,0.88,125.4,49,73.11,54.72,78.54,54.31
30.8,-0.566,1.308,0.874,128.6,22,73.11,57.28,74.05,54.57
31,-0.585,1.18,0.88,132.4,31,71.64,59.12,73.5,59.31
31.2,-0.461,0.626,0.883,134.4,56,71.68,59.19,68.03,54.14
31.4,-0.183,1.479,0.901,136.9,33,70.65,58.42,73.54,56.11
31.6,-0.528,0.583,0.899,140.6,25,70.4,60.07,70.12,59.87
31.8,-0.487,0.621,0.906,143.8,20,69.67,64.35,68.5,62.26
32,-0.481,0.55,0.914,147.1,15,69.63,63.91,69.18,62.35
32.2,-0.489,0.405,0.924,150,3,64.61,64.24,68.03,67.35
32.4,-0.465,0.012,0.9,154,-3,67.39,65.2,60.08,62.52
32.6,-0.464,-0.019,0.898,156.5,-3,63.8,64.43,62.99,67.05
32.8,-0.471,-0.112,0.885,159.8,-4,65.42,67.28,66.83,71.92
33,-0.427,-0.075,0.881,163.2,-2,65.49,66.88,62.86,66.41
33.2,-0.404,-0.035,0.88,166,0,66.3,65.75,62.26,66.02
33.4,-0.399,0.024,0.864,168.6,2,69.04,68.93,67.77,69.14
33.6,-0.366,0.046,0.865,171.6,1,69.26,69.48,64.27,65.51
33.8,-0.272,0.051,0.882,172.8,5,70.73,70.07,66.92,66.28
34,-0.362,0.144,0.897,175.6,4,72.38,71.35,71.02,69.91
34.2,-0.358,0.168,0.932,178.4,4,68.49,66.66,64.57,64.1
34.4,-0.361,0.247,0.94,181,4,74.87,71.28,72.3,69.7
34.6,-0.349,0.258,0.973,183.1,6,66.88,64.32,65.08,64.05
34.8,-0.354,0.315,0.956,185.8,5,75.05,70.76,72.94,68.58
35,-0.331,0.292,0.957,188.1,6,70.73,67.47,65,64.4
35.2,-0.31,0.275,0.962,190,5,66.11,64.32,63.03,61.83
35.4,-0.318,0.261,0.937,192.4,3,74.79,71.72,70.76,68.97
35.6,-0.289,0.217,0.957,194.3,3,58.46,58.57,59.82,62.05
35.8,-0.304,0.237,0.922,196.3,3,79.52,74.24,82.05,79.4
36,-0.266,0.161,0.933,199.4,5,66.08,63.58,61.15,61.7
36.2,-0.269,0.251,0.914,200.5,2,74.87,70.29,72.6,72
36.4,-0.263,0.175,0.913,202.6,-2,71.79,66.11,70.94,69.7
36.6,-0.254,0.035,0.904,204.2,-3,70.76,69.63,68.5,71.92
36.8,-0.187,-0.053,0.901,205.9,-6,73.22,72.08,67.73,71.19
37,-0.258,-0.086,0.906,207,-7,69.89,72.01,69.18,73.88
37.2,-0.251,-0.185,0.911,209.8,-7,70.43,73.33,68.03,74.61
37.4,-0.248,-0.265,0.904,210.4,-16,66.44,70.58,62.94,72.13
37.6,0.705,-0.454,0.897,204.2,-7,78.68,83,69.35,79.05
37.8,1.719,-0.291,0.939,186.7,-15,70.32,73.04,70.25,79.23
38,1.449,-0.629,0.95,181.8,-20,71.06,82.74,58.58,74.87
38.2,1.197,-1.064,0.952,173.2,-10,65.67,76.41,51.53,66.28
38.4,1.254,-1.167,0.936,164.2,-21,67.83,81.2,52.99,74.31
38.6,1.042,-0.942,0.909,158.1,-22,65.64,79.85,48.58,65.76
38.8,0.83,-1.384,0.907,152.1,-37,65.16,81.97,45.72,65.89
39,0.627,-1.545,0.931,147.1,-62,63.69,82.85,45.38,74.4
39.2,0.477,-1.78,0.979,143.8,-82,63.4,86.55,44.14,78.93
39.4,0.189,-1.837,1.03,141.4,-95,61.39,85.01,41.75,77.6
39.6,0.301,-1.858,1.059,139.6,-104,64.98,87.8,43.71,78.76
39.8,-0.006,-1.904,1.09,138.8,-108,63.44,84.43,43.93,80.55
40,0.094,-1.497,1.102,137.6,-114,61.53,80.58,43.03,74.65
40.2,-0.002,-1.746,1.088,137.4,-114,59.41,84.17,48.11,81.92
40.4,0.053,-1.7,1.085,137.1,-114,62.82,85.78,44.35,79.74
40.6,-0.316,-1.744,1.095,137.8,-113,61.2,80.69,48.11,79.52
40.8,-0.422,-1.614,1.103,141.2,-112,59.7,79.48,49.1,81.36
41,-0.439,-1.775,1.11,143.3,-91,60.73,82.67,48.71,87.35
41.2,-0.427,-1.572,1.105,145.5,-84,59.04,74.06,45.29,78.2
41.4,-0.437,-1.396,1.05,148,-72,57.28,72.63,44.65,74.61
41.6,-0.434,-1.526,0.984,150.9,-64,54.94,69.15,45.04,77.17
41.8,-0.455,-1.349,0.918,154,-43,59.08,76.33,50.25,82.69
42,-0.185,-0.888,0.9,152.7,-12,64.02,71.68,59.14,78.24
42.2,1.472,-0.22,0.908,144.4,6,77.8,77.54,59.87,67.69
42.4,1.563,0.232,0.935,133,8,74.21,70.18,61.45,62.64
42.6,1.441,0.481,0.949,124.6,19,78.82,68.75,68.03,62.52
42.8,1.187,0.673,0.956,115.5,26,74.24,64.54,61.41,54.14
43,1.145,1.006,0.94,108.2,41,79.41,64.87,66.28,55.76
43.2,1.033,0.981,0.931,101.7,67,77.83,63.77,63.16,51.32
43.4,0.885,1.153,0.92,96.9,89,81.13,62.16,63.88,47.94
43.6,0.487,1.595,0.929,93.8,112,81.28,61.68,67.26,45.12
43.8,0.303,1.5,0.941,93,131,82.89,61.57,63.8,45.42
44,0.105,1.667,0.96,92.2,140,81.72,60.8,70.17,46.19
44.2,0.101,1.489,0.978,91.6,146,78.2,59.41,64.95,46.19
44.4,0.192,1.526,0.976,91.8,143,80.32,59.08,70,46.45
44.6,-0.355,1.601,0.989,92.9,142,74.72,60.98,72.56,45.17
44.8,-0.362,1.325,0.997,95.8,140,73.84,54.98,69.87,51.7
45,-0.38,1.45,0.994,99.6,136,79.89,58.05,72.9,50.25
45.2,-0.382,1.626,1.016,101.9,133,77.91,58.46,77.69,55.38
45.4,-0.468,1.463,1.04,106.1,127,79.19,59.41,79.78,55.68
45.6,-0.502,1.626,1.067,109.9,100,80.36,59.26,78.37,55.47
45.8,-0.525,1.696,1.092,113.1,98,79.78,60.73,82.86,56.19
46,-0.532,1.62,1.112,116.8,103,74.21,56.15,81.19,54.48
46.2,-0.505,1.471,1.086,120.8,76,76.88,57.1,77.3,52.09
46.4,-0.504,1.453,1.037,123.8,56,71.13,56.66,70.76,51.53
46.6,-0.487,1.388,0.97,128.1,66,75.56,56.63,74.23,52.99
46.8,-0.588,1.09,0.938,129.9,52,54.87,51.46,55.12,53.8
47,-0.581,0.67,0.883,135.4,38,71.17,59.85,76.36,65.68
47.2,-0.257,0.702,0.887,138.3,14,73,66.66,63.63,56.66
47.4,-0.491,0.373,0.902,141.4,12,63.07,62.19,63.16,60.08
47.6,-0.496,0.215,0.901,145.5,6,71.57,67.61,69.82,64.44
47.8,-0.479,0.34,0.932,149.5,3,68.35,68.9,67.64,62
48,-0.477,0.094,0.957,153.4,-5,68.38,67.06,65.25,66.11
48.2,-0.476,-0.015,0.961,156.5,-9,62.85,69.52,66.58,65.17
48.4,-0.454,-0.43,0.962,160.4,-16,70.43,77.43,67.6,76.79
48.6,-0.418,-0.373,1.001,162.8,-16,61.9,65.64,58.24,64.48
48.8,-0.421,-0.39,0.989,166.7,-12,70,76.19,65.21,75.38
49,-0.386,-0.282,1.016,169.3,-12,64.94,66.37,59.91,67.73
49.2,-0.2,-0.269,0.994,171.2,-15,68.79,75.05,61.88,68.84
49.4,-0.382,-0.423,0.983,174.8,-16,65.86,71.06,63.16,73.8
49.6,-0.369,-0.418,0.974,177.2,-16,67.06,72.89,63.29,74.14
49.8,-0.375,-0.467,0.964,179.7,-16,67.36,73.22,64.78,76.32
50,-0.374,-0.452,0.964,183.6,-16,67.54,73.66,63.41,74.91
50.2,-0.353,-0.507,0.965,186.3,-17,67.65,74.06,63.63,74.74
50.4,-0.337,-0.499,0.958,188.6,-17,67.94,73.26,61.49,73.07
50.6,-0.326,-0.5,0.969,190.5,-15,67.69,74.61,69.57,80.34
50.8,-0.319,-0.403,0.973,193.4,-15,67.94,72.89,64.31,75.68
51,-0.289,-0.481,0.967,196.3,-15,70.76,76.73,65.08,77.09
51.2,-0.275,-0.507,0.976,197.9,-16,65.34,71.13,63.54,73.63
51.4,-0.278,-0.518,0.967,199.9,-16,70.95,78.75,68.07,81.41
51.6,-0.265,-0.511,0.978,201.5,-16,67.69,72.96,64.7,76.66
51.8,-0.199,-0.51,0.972,203.7,-12,71.61,76.59,65.94,77.52
52,-0.267,-0.553,0.978,205.9,-16,68.42,74.68,64.23,78.03
52.2,-0.253,-0.516,0.974,207,-17,70,76.95,66.62,79.95
52.4,-0.257,-0.563,0.973,209.8,-18,69.23,76.59,66.7,79.48
52.6,-0.262,-0.608,0.965,211,-19,72.45,78.68,68.67,83.71
52.8,-0.242,-0.639,0.97,213.3,-18,65.64,72.93,60.51,74.48
53,-0.245,-0.705,0.968,215.1,-17,69.96,78.53,68.88,83.46
53.2,-0.242,-0.606,0.976,217,-17,73.15,81.28,70.17,84.82
53.4,-0.23,-0.64,1.013,218.8,-16,71.61,78.46,68.88,82.39
53.6,-0.216,-0.608,1.039,220.1,-16,73.66,80.43,69.35,83.5
53.8,-0.211,-0.633,1.058,221.4,-17,71.2,80.47,67.05,81.49
54,-0.207,-0.641,1.064,223.3,-14,72.74,80.07,67.94,82.52
54.2,-0.201,-0.468,1.076,224.6,-9,73.04,76.33,71.02,79.48
54.4,0.102,-0.214,1.078,220.1,-4,77.28,77.98,79.31,85.59
54.6,2.104,-0.034,1.093,204.8,-2,79.15,77.54,79.82,83.41
54.8,1.983,-0.002,1.103,191.4,1,80.87,77.61,73.58,76.15
55,1.7,0.237,1.102,180.1,9,80.21,76.22,64.4,68.54
55.2,1.582,0.562,1.084,168.2,8,78.9,69.41,65.51,64.52
55.4,1.437,0.504,1.03,159.1,2,78.09,68.68,62.43,58.8
55.6,1.452,0.613,0.973,148.6,12,78.24,67.1,65.89,61.58
55.8,1.4,0.579,0.92,140.4,2,78.64,66.77,64.82,60.34
56,1.266,0.923,0.89,131,-7,78.68,65.93,67.52,55.51
56.2,1.237,0.865,0.875,124.2,16,82.93,68.49,63.46,54.01
56.4,1.075,1.448,0.933,115.2,51,83.62,63.73,77.09,60.51
56.6,1.118,0.988,1.011,108.6,64,84.65,68.93,73.88,59.74
56.8,1.068,1.395,1.086,101.1,73,84.43,67.58,73.29,55.55
57,0.965,1.345,1.131,95.2,102,84.5,65.49,74.23,51.83
57.2,0.645,1.594,1.143,91,128,83.66,65.05,69.52,44.35
57.4,0.371,1.681,1.12,87.7,138,83.15,62.19,69.35,45
57.6,0.37,1.673,1.091,85.5,156,83.18,63.26,67.35,43.41
57.8,0.029,1.626,1.063,85.1,163,79.41,60.47,71.15,45.47
58,0.412,1.504,1.046,83.1,165,82.71,64.76,63.63,40.21
58.2,0.261,1.689,1.029,80.7,163,81.72,61.94,68.67,43.41
58.4,-0.19,1.595,1.021,81.2,159,76.15,58.57,71.15,47.77
58.6,-0.278,1.4,1.016,83.7,154,76.41,61.39,72.05,48.03
58.8,-0.397,1.51,1.02,86.3,146,75.6,59.37,73.63,50.08
59,-0.407,1.515,1.025,89.4,126,76.44,59.48,74.4,50.47
59.2,-0.45,1.57,1.031,92.1,106,77.32,59.3,76.28,50.89
59.4,-0.546,1.518,1.04,95.4,89,77.28,58.31,77.47,53.97
59.6,-0.509,1.568,1.052,98.8,94,77.83,59.08,79.35,53.37
59.8,-0.544,1.596,1.07,102.6,85,77.76,58.46,81.53,55.12
60,-0.589,1.494,1.081,106.6,82,77.65,58.86,79.91,56.83
60.2,-0.597,1.727,1.098,109.7,61,78.6,58.49,85.25,57.86
60.4,-0.618,1.445,1.107,113.6,61,79.34,61.75,79.18,56.96
60.6,-0.606,1.463,1.121,117.5,76,77.36,60.95,80.51,58.41
60.8,-0.597,1.391,1.128,121.2,75,73.62,60.25,82.13,56.83
61,-0.572,1.28,1.096,125.4,57,74.98,58.97,76.32,53.76
61.2,-0.588,1.313,1.045,127.7,46,69.26,56.77,69.4,54.23
61.4,-0.585,1.194,0.991,131.4,49,74.83,55.23,78.2,70.42
61.6,-0.32,0.319,0.954,134.9,55,72.41,63.58,52.3,45.38
61.8,-0.494,1.217,0.933,136.6,30,65.56,56.52,68.54,53.67
62,-0.515,0.732,0.927,140.4,19,73.11,63.51,77.13,64.31
62.2,-0.492,0.347,0.942,144.1,11,70.07,66.26,67.35,61.79
62.4,-0.5,0.326,0.967,146.6,6,67.21,66.3,68.33,66.11
62.6,-0.506,0.071,0.977,150.6,-6,70.69,71.5,68.88,66.96
62.8,-0.478,-0.146,1,154.3,-6,67.61,70.1,61.19,64.44
63,-0.478,-0.151,1.014,156.8,-7,68.46,71.64,68.16,72.43
63.2,-0.468,-0.187,1.023,159.8,-9,68.53,71.75,65.17,70.38
63.4,-0.444,-0.191,1.021,162.1,-8,67.76,71.06,64.27,68.97
63.6,-0.429,-0.194,1.026,164.6,-7,68.31,71.13,66.92,72
63.8,-0.417,-0.156,1.021,168.2,-7,69.19,72.19,66.7,71.83
64,-0.399,-0.127,1.022,169.7,-4,70.18,71.75,67.73,71.88
64.2,-0.386,-0.006,1.018,172.4,-2,70.25,70.18,66.66,69.91
64.4,-0.203,0.041,1.006,174,-3,73.36,72.3,65.17,65.89
64.6,-0.387,0.052,1.002,176,-3,72.3,72.05,71.45,73.54
64.8,-0.382,0.017,1.006,177.6,-3,70.58,69.89,66.75,68.88
65,-0.375,0.068,0.999,180.1,-2,71.9,71.13,67.43,69.78
65.2,-0.376,0.046,1,182.7,-6,71.64,71.13,68.88,71.79
65.4,-0.365,-0.088,0.999,184.5,-6,69.81,71.28,66.49,71.41
65.6,-0.364,-0.103,1.004,186.3,-6,72.78,75.78,71.41,75.76
65.8,-0.354,-0.144,1.009,187.7,-10,68.49,72.12,64.18,71.41
66,-0.348,-0.338,1.007,189.5,-19,68.57,73.73,66.06,76.75
66.2,-0.345,-0.779,1.003,191.9,-46,66.22,77.72,59.91,82.05
66.4,-0.324,-1.506,1.007,192.9,-62,63.73,84.72,54.44,85.72
66.6,-0.308,-1.569,1.01,194.8,-70,59.92,80.43,50.51,82.05
66.8,-0.136,-1.774,1.001,194.3,-84,64.1,83.15,48.41,83.5
67,0.246,-2.238,1.03,190.9,-82,63.88,92.67,53.2,93.76
67.2,0.243,-1.754,1.073,188.6,-80,68.02,89.74,45,80.47
67.4,0.33,-2.103,1.119,184,-87,62.67,85.2,42.82,80.17
67.6,0.327,-2.063,1.117,179.3,-88,62.16,87.03,48.24,88.8
67.8,-0.12,-1.73,1.099,179.7,-88,61.09,82.05,45.89,81.66
68,-0.062,-1.667,1.06,179.7,-88,61.97,80.65,43.71,76.7
68.2,-0.269,-1.847,1.02,178.9,-86,57.94,79.59,48.11,85.38
68.4,-0.359,-1.669,0.985,181.4,-86,60.51,81.83,50.42,87.43
68.6,-0.355,-1.666,0.971,182.3,-85,57.21,73.51,46.45,80.68
68.8,-0.377,-1.606,0.928,184,-60,58.49,80.58,50.38,86.23
69,-0.373,-1.425,0.899,184.5,-47,60.65,75.93,51.79,81.62
69.2,-0.338,-1.043,0.868,186.3,-30,56.22,63.55,46.96,67.64
69.4,-0.348,-0.609,0.832,188.6,5,69.08,84.13,74.44,81.36
69.6,-0.304,0.28,0.855,190.5,39,65.05,66.48,60.76,56.36
69.8,-0.251,1.338,0.864,191.9,52,75.89,62.27,75.76,55.04
70,-0.283,1.734,0.916,192.4,54,65.82,52.3,82.64,58.03
70.2,-0.275,0.838,0.879,194.8,58,75.38,52.49,72,53.16
70.4,-0.219,1.825,0.906,195.3,49,74.13,57.8,78.16,53.67
70.6,-0.282,1.463,0.886,196.8,40,80.03,62.05,81.28,56.58
70.8,-0.254,1.218,0.887,198.4,41,73.33,60.47,69.1,56.06
71,-0.252,1.305,0.872,199.9,35,80.32,62.49,77.09,57.39
71.2,-0.263,1.21,0.881,200.5,27,70.84,60.4,70.85,58.5
71.4,-0.262,0.912,0.873,201.5,25,75.38,62.27,80.68,65.64
71.6,-0.212,0.767,0.85,204.2,24,78.6,65.2,74.44,61.58
71.8,-0.261,0.986,0.871,205.3,26,64.61,60.32,66.7,64.1
72,-0.276,0.486,0.845,205.9,19,74.61,69.12,74.65,70.72
72.2,-0.235,0.368,0.842,208.7,11,73.26,65.42,66.45,58.63
72.4,-0.266,0.539,0.87,208.7,6,68.93,65.71,66.36,63.58
72.6,-0.277,0.195,0.876,210.4,-5,73.99,71.24,73.54,73.54
72.8,-0.26,-0.079,0.897,212.2,-3,70.98,72.19,66.23,70.89
73,-0.25,-0.117,0.908,213.3,-4,69.08,70.76,66.53,71.7
73.2,-0.249,-0.095,0.899,213.9,1,72.12,72.52,70.04,74.1
73.4,-0.24,0.07,0.897,216.4,0,72.56,71.09,70.08,71.66
73.6,-0.237,0.097,0.896,217,0,72.52,71.68,69.74,72.3
73.8,-0.238,0.06,0.899,218.2,-1,72.96,72.23,70.94,73.54
74,-0.227,-0.013,0.911,220.1,-3,70.98,70.29,67.09,70.81
74.2,-0.233,-0.096,0.911,221.4,-6,71.72,74.1,70.42,75.17
74.4,-0.231,-0.274,0.923,222.7,-6,72.27,76.81,70.42,77.94
74.6,-0.217,-0.255,0.937,223.3,-6,69.3,73.55,65.25,70.76
74.8,-0.214,-0.291,0.943,225.3,-5,72.67,77.83,70.17,76.58
75,-0.199,-0.211,0.944,226.6,-6,68.68,72.27,65.98,72.64
75.2,-0.204,-0.307,0.93,226.6,-11,68.57,72.3,72.94,82.39
75.4,0.347,-0.401,0.912,222,-3,76,79.48,74.65,82.82
75.6,1.783,-0.124,0.908,205.9,-6,76,74.54,65.68,69.27
75.8,1.986,-0.162,0.908,191.4,-3,76.48,76.92,65.68,69.65
76,1.8,-0.091,0.905,180.1,-3,81.46,80.21,67.47,73.76
76.2,1.651,0,0.946,166.7,-12,74.32,75.12,63.33,67.9
76.4,1.553,-0.274,0.958,158.8,-18,72.08,78.71,52.6,69.1
76.6,1.323,-0.865,0.959,149.7,-18,66.7,79.74,52.56,72.56
76.8,1.186,-0.948,0.952,139.1,-16,66.37,79.01,52.35,70.85
77,1.067,-1.026,0.938,130.8,-34,63.69,74.87,45.76,67.39
77.2,0.537,-1.386,0.915,129.4,-48,63.66,83.36,42.9,73.88
77.4,0.237,-1.417,0.922,126.6,-75,64.13,79.96,39.87,67
77.6,0.275,-1.684,0.942,124,-89,61.64,81.57,43.71,75.17
77.8,0.059,-1.692,0.965,123.4,-109,61.94,83.69,40.85,76.83
78,0.095,-2.041,1.018,121,-115,65.2,78.27,49.61,91.36
78.2,-0.028,-1.501,1.078,120.4,-115,55.97,73.4,31.28,70.12
78.4,0.166,-1.837,1.048,118,-118,59.12,82.45,44.91,79.74
78.6,-0.246,-1.49,1.044,119.3,-118,52.05,72.67,44.05,69.87
78.8,-0.323,-1.486,1.003,121.6,-119,65.05,83.88,54.52,86.15
79,-0.309,-1.468,1.035,123.2,-114,59.12,79.15,44.27,74.18
79.2,-0.463,-1.614,1.049,124.8,-49,57.39,74.13,47.82,77.6
79.4,-0.445,-1.422,1.027,126.4,9,57.1,75.89,47.39,76.96
79.6,-0.358,-1.344,0.99,127.3,-32,58.05,73.58,44.78,73.97
79.8,-0.508,-1.245,0.948,130.5,-80,56.66,67.76,48.84,74.35
80,-0.463,-1.105,0.9,133.7,-72,58.49,72.6,45.25,74.48
80.2,-0.476,-1.334,0.881,136.1,-36,57.87,70.51,49.18,74.48
80.4,-0.538,-0.997,0.88,139.9,-60,60.07,73.18,53.07,81.53
80.6,-0.513,-1.112,0.889,144.6,-51,60.32,73.36,49.35,77.05
80.8,-0.516,-1.167,0.914,146.9,-19,63.4,72.85,55.51,78.67
81,-0.49,-0.251,0.966,150,28,68.64,65.75,69.87,72.47
81.2,-0.419,0.877,0.984,154.3,61,74.83,60.21,73.16,57.77
81.4,-0.403,1.495,0.978,156.2,50,75.86,59.08,74.82,57.69
81.6,0.289,1.208,0.96,154,36,79.63,63.33,70.81,56.28
81.8,0.837,0.995,0.924,147.7,21,78.27,64.9,64.57,55.38
82,1.072,1.054,0.884,140.6,28,81.64,65.42,67.77,52.35
82.2,0.696,1.322,0.865,136.6,-15,80.03,61.86,63.2,46.62
82.4,0.483,1.524,0.848,131.9,64,82.45,60.58,69.78,44.48
82.6,0.342,1.579,0.849,130.8,79,84.76,61.06,73.07,47.86
82.8,0.184,1.531,0.884,130.3,77,83.07,64.32,68.2,47.26
83,0.232,1.749,0.933,127.9,96,81.64,61.72,70.85,46.19
83.2,0.061,1.657,0.955,128.1,92,82.52,58.97,75.25,47.86
83.4,0.007,1.749,0.98,127.7,98,81.31,63,72.6,48.2
83.6,0.129,1.551,1.012,126.6,97,73.62,56.48,78.11,43.67
83.8,0.261,1.456,0.984,127.1,93,82.12,63.66,68.84,41.06
84,-0.192,1.649,0.955,125.6,94,72.49,54.98,71.75,48.8
84.2,0.118,1.248,0.922,127.3,100,85.45,63.33,66.49,53.41
84.4,-0.091,1.635,0.954,127.3,93,78.05,59.12,74.4,52.09
84.6,-0.323,1.602,0.983,129.2,91,82.16,61.42,80.17,53.67
84.8,-0.209,1.587,1.023,131.2,95,79.81,61.17,74.31,52.56
85,-0.36,1.628,1.045,134,89,77.47,56.48,81.53,56.32
85.2,-0.456,1.564,1.052,137.1,73,83.18,62.19,85.25,56.96
85.4,-0.445,1.401,1.062,139.9,72,69.52,56.44,69.44,52.94
85.6,-0.439,1.459,1.015,144.1,78,76.88,59.52,78.54,52.86
85.8,-0.445,1.434,0.969,146,48,70.62,51.39,69.91,50.42
86,-0.44,0.788,0.898,150,58,69.67,57.83,68.03,53.71
86.2,-0.462,1.229,0.86,153.4,14,76.88,59.26,76.15,59.78
86.4,-0.479,0.408,0.859,156.5,1,64.06,64.76,63.29,60.89
86.6,-0.452,0.049,0.869,161.1,0,68.68,67.14,68.5,69.18
86.8,-0.427,0.077,0.898,163.5,-4,70.29,69.19,68.41,67.73
87,-0.396,-0.048,0.943,165.7,-6,63.99,68.68,65.47,67.56
87.2,-0.205,-0.21,0.954,169.7,-11,70.73,78.6,66.41,71.11
87.4,-0.367,-0.436,1,171.6,-10,60.43,64.76,61.41,69.7
87.6,-0.394,-0.259,0.997,175.2,-6,71.06,74.65,70.64,77.47
87.8,-0.372,-0.18,1.012,177.6,-6,71.42,74.24,66.28,71.92
88,-0.359,-0.15,1.029,181,-4,70.4,72.27,66.41,72.43
88.2,-0.358,-0.091,1.022,184,-2,72.71,73.77,68.24,72.69
88.4,-0.337,-0.055,1.015,185.8,-3,67.94,69.74,62.39,66.41
88.6,-0.349,-0.104,1.008,188.6,-4,69.3,70.21,70.64,75.64
88.8,-0.334,-0.09,1.001,191.4,-3,74.28,74.87,69.44,73.71
89,-0.303,-0.064,1.008,193.4,-4,71.46,72.12,67.35,72.56
89.2,-0.294,-0.111,0.994,195.8,-6,73.88,74.72,67.43,72.69
89.4,-0.277,-0.154,1.015,197.9,-5,63.99,64.9,63.41,67.26
89.6,-0.288,-0.161,0.979,199.9,-5,76,78.38,73.37,78.93
89.8,-0.271,-0.145,1.019,202.1,-3,74.24,75.56,68.37,73.37
90,-0.163,-0.082,1.053,203.1,-3,70.84,71.13,65.04,69.7
90.2,-0.295,0.027,1.023,205.9,-2,73.66,72.45,70.59,73.07
90.4,-0.265,0.033,1.016,207,-1,70.03,71.24,70.55,73.88
90.6,-0.268,0.005,1.002,209.8,3,78.57,77.21,75,76.75
90.8,-0.249,0.198,1.014,212.2,11,72.67,69.52,70.25,68.84
91,-0.241,0.569,1.007,212.7,18,79.92,71.09,79.87,71.15
91.2,-0.223,0.768,1.017,213.9,21,72.96,64.13,70.64,61.45
91.4,-0.218,0.987,1,215.8,23,78.6,65.53,83.67,69.91
91.6,-0.213,1.032,0.996,217,24,81.13,68.02,84.52,69.14
91.8,-0.202,0.965,0.996,218.8,26,79.08,66.44,78.71,65.34
92,-0.192,1.212,0.998,220.7,30,82.71,66.92,82.47,64.74
92.2,-0.183,1.25,1.008,222.7,30,84.87,69.59,83.71,64.05
92.4,-0.183,1.31,1.035,222.7,28,81.57,68.68,87.09,69.48
92.6,-0.177,1.213,1.06,224,27,84.57,70.58,87.69,69.7
92.8,-0.173,1.143,1.08,225.3,26,85.05,70.8,85.42,67.94
93,-0.164,1.225,1.092,226.6,28,82.16,68.16,82.56,65.89
93.2,-0.159,1.288,1.092,226.6,26,83.91,69.15,86.62,67.6
93.4,-0.155,1.083,1.066,228,24,79.26,66.44,78.97,63.54
93.6,-0.159,1.075,1.018,228,20,76.99,65.38,79.18,66.41
93.8,-0.161,0.863,0.964,229.4,18,82.67,71.5,81.49,67.86
94,-0.155,0.872,0.954,230.1,17,79.08,67.21,76.88,65.89
94.2,-0.154,0.88,0.956,231.4,13,80.32,69.08,80.59,69.44
94.4,-0.154,0.687,0.964,232.1,9,80.76,73.29,80,73.29
94.6,-0.139,0.538,0.981,232.9,11,76.99,70.29,72.64,67.35
94.8,-0.167,0.547,0.98,233.6,5,75.38,70.36,77.05,72.86
95,-0.174,0.345,0.974,234.3,4,76.92,73.4,78.71,75.29
95.2,-0.18,0.24,0.978,235.7,2,80,76.52,78.71,75.42
95.4,-0.168,0.196,1.017,237.2,1,74.32,72.3,74.35,73.41
95.6,-0.174,0.134,1.032,237.2,1,74.32,73.18,77.52,75.04
95.8,-0.176,0.154,1.056,237.9,0,76.22,75.12,81.23,82.26
96,-0.165,0.093,1.069,238.7,0,75.09,73.47,74.91,75.51
96.2,-0.165,0.079,1.065,240.2,-3,76.55,75.42,76.15,78.46
96.4,-0.166,-0.019,1.053,240.9,-6,75.2,77.5,76.58,79.74
96.6,-0.175,-0.178,1.04,240.9,-7,76.73,79.15,76.06,82.26
96.8,-0.165,-0.264,1.04,240.9,-9,75.53,78.75,72.3,80.25
97,-0.163,-0.388,1.024,242.5,-11,75.53,79.52,73.03,84.35
97.2,-0.156,-0.404,1.04,242.5,-6,69.26,73.47,69.61,76.06
97.4,-0.154,-0.229,1.035,243.2,-7,72.16,75.27,73.46,81.02
97.6,-0.164,-0.295,1.031,244,-9,76.22,78.93,75.85,84.48
97.8,-0.162,-0.353,1.04,244,-7,73.04,78.16,70.17,79.48
98,0.383,-0.289,1.012,237.9,-4,82.56,86.11,80.47,87
98.2,2.004,0.024,1.056,221.4,-3,78.9,75.64,70.25,72.26
98.4,1.942,0.12,1.045,208.7,-12,80.69,79.19,73.71,73.67
98.6,1.675,0.021,1.048,194.3,-18,70.73,71.68,64.7,69.4
98.8,1.319,-0.479,1.007,184.9,-11,75.16,82.19,66.19,76.96
99,1.407,-0.564,0.981,176,-27,72.56,80.29,56.32,72.99
99.2,0.869,-1.074,0.972,169,-21,66.3,75.93,54.23,73.76
99.4,0.8,-0.798,0.957,163.9,-34,68.93,77.47,48.46,71.15
99.6,0.486,-1.249,0.948,159.8,-64,61.35,77.87,45.72,73.71
99.8,0.137,-1.508,0.913,158.4,-81,61.24,85.49,39.48,75.51
100,0.28,-1.228,0.875,157.1,-72,66.73,82.52,35.38,58.11
100.2,0.024,-1.57,0.892,152.1,-93,46.26,54.02,31.66,50
100.4,-0.005,-1.718,0.859,152.7,-100,55.67,84.68,49.61,81.58
100.6,-0.024,-1.695,0.949,153,-95,66.55,81.68,41.62,77.43
100.8,-0.286,-1.613,1.025,152.4,-59,53.22,66.08,40,73.93
101,-0.303,-1.355,0.996,154,-27,59.67,71.2,42.26,67.94
101.2,-0.46,-1.262,0.961,156.8,-9,63.8,72.71,58.03,80.12
101.4,-0.327,0.335,0.954,159.4,75,76.52,62.23,73.8,57.64
101.6,-0.242,1.645,0.952,159.8,68,69.41,51.17,70.98,49.18
101.8,-0.019,1.517,0.922,159.4,79,81.75,59.08,75.51,47.86
102,0.053,1.974,0.946,159.4,70,82.56,60.4,91.15,60.04
102.2,-0.222,1.095,0.957,159.4,67,68.05,57.65,62.22,50.94
102.4,-0.315,1.212,0.918,160.1,75,62.08,55.42,57.05,48.11
102.6,-0.363,1.517,0.854,162.5,72,76.22,55.82,78.93,55.47
102.8,-0.346,1.446,0.844,164.9,76,73.88,57.83,76.15,52.05
103,-0.342,1.481,0.835,166.7,61,77.43,57.65,76.45,51.7
103.2,-0.361,1.64,0.848,168.2,47,75.45,58.53,76.88,55.59
103.4,-0.344,0.963,0.838,172.4,46,82.19,63.62,74.91,68.8
103.6,-0.337,0.706,0.898,172.4,44,57.69,55.93,49.27,51.32
103.8,-0.391,0.912,0.878,176,12,76.15,63.84,79.57,65.25
104,-0.389,0.365,0.894,176,-1,59.7,59.45,56.83,54.65
104.2,-0.363,-0.127,0.877,179.7,-3,59.52,67.03,64.48,66.7
104.4,-0.341,-0.327,0.88,179.7,6,70.62,73.11,74.01,80.08
104.6,1.413,0.109,0.904,165.3,9,78.64,74.94,66.88,64.57
104.8,1.648,0.332,0.917,154,1,75.67,68.42,68.71,64.23
105,1.316,0.639,0.919,146.3,18,78.31,67.8,67.39,56.79
105.2,1.36,0.704,0.922,137.1,12,77.98,67.65,64.4,52.9
105.4,1.165,0.933,0.923,128.3,8,74.61,65.16,66.79,56.41
105.6,1.027,0.708,0.911,121.6,33,76.77,64.98,62.9,54.78
105.8,1.012,1.136,0.912,114.8,30,79.01,66,66.32,49.78
106,0.609,1.141,0.928,109.6,51,77.36,63.26,66.7,52
106.2,0.743,1.115,0.953,105.9,69,79.08,64.13,70.34,48.76
106.4,0.543,1.207,0.968,101.5,97,78.6,61.02,64.82,41.7
106.6,0.272,1.402,0.958,99.6,117,77.17,60.84,63.16,41.19
106.8,0.368,1.563,0.939,96.2,119,81.72,62.08,66.49,43.24
107,0.303,1.507,0.933,94.4,120,78.9,61.83,63.33,40.72
107.2,0.04,1.623,0.923,93.1,135,78.05,58.16,70.21,44.7
107.4,0.356,1.41,0.926,91.6,133,80.62,63.11,65.21,40.76
107.6,-0.261,1.505,0.928,91.3,127,72.16,56.73,69.44,46.83
107.8,-0.419,1.335,0.924,94.4,118,71.2,54.65,69.7,49.87
108,-0.435,1.324,0.913,97.9,114,75.2,58.71,75.47,50.12
108.2,-0.411,1.384,0.923,101.4,80,75.86,60.95,71.41,47.22
108.4,-0.459,1.285,0.929,103.5,75,70.36,57.47,61.45,46.96
108.6,-0.494,1.656,0.938,106.1,86,73.47,55.97,77.9,52.94
108.8,-0.528,1.368,0.951,109.9,85,75.27,55.53,76.96,53.71
109,-0.536,1.366,0.96,113.5,73,71.24,55.64,74.48,52.99
109.2,-0.533,1.252,0.943,116.8,52,70.98,56.22,70.94,52.82
109.4,-0.536,1.388,0.917,120.1,53,73.07,57.17,75.98,52.82
109.6,-0.614,1.347,0.911,123.8,49,74.28,58.13,79.44,57.05
109.8,-0.559,1.065,0.925,128.3,63,72.12,59.85,72.77,56.58
110,-0.527,1.225,0.933,131.7,57,72.41,58.27,73.33,56.79
110.2,-0.512,1.219,0.94,134.9,58,71.42,57.47,74.1,55.08
110.4,-0.282,1.135,0.93,136.9,53,69.7,56.37,69.01,49.57
110.6,-0.509,1.194,0.893,138.1,42,78.16,58.09,77.77,60.12
110.8,-0.466,0.78,0.892,143.5,41,64.57,60.65,64.95,58.58
111,-0.484,0.726,0.88,146.6,26,66.95,60.8,73.54,60.76
111.2,-0.497,0.614,0.875,150,12,72.93,63.29,71.83,62.77
111.4,-0.465,0.374,0.891,153.7,7,67.06,63.26,65,63.67
111.6,-0.472,0.109,0.896,157.1,-1,63.29,68.27,66.45,70.59
111.8,-0.433,-0.231,0.913,159.1,-5,61.86,69.04,58.07,66.36
112,-0.437,-0.232,0.936,163.9,-1,69.34,70.29,59.23,71.06
112.2,-0.419,-0.211,0.958,165.7,-4,67.06,68.05,64.78,70.55
112.4,-0.402,-0.115,0.96,169,0,69.34,70.1,63.76,67.05
112.6,-0.387,0.009,0.962,171.2,-3,68.9,69.41,66.75,69.27
112.8,-0.201,-0.068,0.966,172.4,-5,69.45,70.29,63.76,67.9
113,-0.387,-0.076,0.953,175.2,-6,68.49,69.63,65.17,69.78
113.2,-0.375,-0.115,0.949,177.6,-5,68.9,70.1,65.08,70.85
113.4,-0.376,-0.117,0.948,180.1,-4,69.23,70.62,67.09,72.64
113.6,-0.366,-0.112,0.944,183.1,-3,69.34,70.4,64.23,68.97
113.8,-0.356,-0.054,0.943,185.4,-1,70.36,70.54,66.41,69.82
114,-0.345,-0.039,0.942,187.7,-4,71.35,71.17,67.86,70.59
114.2,-0.338,-0.093,0.952,189.5,-3,69.23,70.29,65.98,70.51
114.4,-0.328,-0.069,0.95,191.9,-3,70.14,70.69,66.79,70.98
114.6,-0.311,-0.052,0.946,194.3,-2,70.98,70.58,67.73,70.76
114.8,-0.3,0.024,0.942,196.3,0,74.54,73.4,71.96,74.65
115,-0.279,0.015,0.951,198.9,-2,67.76,68.53,61.92,65.59
115.2,-0.279,-0.017,0.938,200.5,-3,72.34,72.93,69.1,72.52
115.4,-0.278,-0.042,0.946,203.1,-3,70.18,70.4,68.54,72.43
115.6,-0.218,-0.051,0.941,203.7,-5,71.68,71.64,67.43,72.17
